{
  "updateBooking" : {
    "transaction" : "updateBooking",
    "sampleCount" : 2000,
    "errorCount" : 0,
    "errorPct" : 0.0,
    "meanResTime" : 5528.948000000008,
    "medianResTime" : 5816.0,
    "minResTime" : 2315.0,
    "maxResTime" : 6461.0,
    "pct1ResTime" : 6315.0,
    "pct2ResTime" : 6348.95,
    "pct3ResTime" : 6403.99,
    "throughput" : 106.22477161674102,
    "receivedKBytesPerSec" : 95.37262488049714,
    "sentKBytesPerSec" : 51.86139202583918
  },
  "Total" : {
    "transaction" : "Total",
    "sampleCount" : 8000,
    "errorCount" : 0,
    "errorPct" : 0.0,
    "meanResTime" : 3002.249500000003,
    "medianResTime" : 2799.0,
    "minResTime" : 263.0,
    "maxResTime" : 6461.0,
    "pct1ResTime" : 5964.0,
    "pct2ResTime" : 6179.0,
    "pct3ResTime" : 6356.0,
    "throughput" : 370.7651666125967,
    "receivedKBytesPerSec" : 323.05236949355793,
    "sentKBytesPerSec" : 125.17678329355331
  },
  "getBooking" : {
    "transaction" : "getBooking",
    "sampleCount" : 2000,
    "errorCount" : 0,
    "errorPct" : 0.0,
    "meanResTime" : 2792.770499999997,
    "medianResTime" : 3036.0,
    "minResTime" : 375.0,
    "maxResTime" : 4049.0,
    "pct1ResTime" : 3737.0,
    "pct2ResTime" : 3877.0,
    "pct3ResTime" : 3945.0,
    "throughput" : 135.8418800516199,
    "receivedKBytesPerSec" : 122.15421873938735,
    "sentKBytesPerSec" : 22.27866528985261
  },
  "login" : {
    "transaction" : "login",
    "sampleCount" : 2000,
    "errorCount" : 0,
    "errorPct" : 0.0,
    "meanResTime" : 1293.7604999999987,
    "medianResTime" : 1220.0,
    "minResTime" : 1011.0,
    "maxResTime" : 4176.0,
    "pct1ResTime" : 1477.8000000000002,
    "pct2ResTime" : 1933.2499999999973,
    "pct3ResTime" : 2842.8,
    "throughput" : 184.1112031667127,
    "receivedKBytesPerSec" : 140.08525211727886,
    "sentKBytesPerSec" : 44.94902421062322
  },
  "createBooking" : {
    "transaction" : "createBooking",
    "sampleCount" : 2000,
    "errorCount" : 0,
    "errorPct" : 0.0,
    "meanResTime" : 2393.518999999994,
    "medianResTime" : 2553.0,
    "minResTime" : 263.0,
    "maxResTime" : 3980.0,
    "pct1ResTime" : 3662.8,
    "pct2ResTime" : 3856.0,
    "pct3ResTime" : 3925.96,
    "throughput" : 174.76406850751485,
    "receivedKBytesPerSec" : 162.05894259546486,
    "sentKBytesPerSec" : 79.36063657811954
  }
}